/* 数据初始化 */

/*Data for the table `qrtz_locks` */
INSERT  INTO `qrtz_locks`(`sched_name`,`lock_name`) VALUES ('hesicareScheduler','STATE_ACCESS'),('hesicareScheduler','TRIGGER_ACCESS');

/*Data for the table `sys_dept` */
INSERT  INTO `sys_dept`(`dept_id`,`com_code`,`parent_id`,`parent_name`,`ancestors`,`dept_name`,`order_num`,`leader`,`phone`,`email`,`status`,`del_flag`,`wristband_type`,`report_type`,`create_by`,`create_time`,`update_by`,`update_time`) VALUES (100,'0',0,'无','0','根节点机构',0,'hesiCloud','15888888888','ry@qq.com','0','0',NULL,NULL,'admin','2018-03-16 11:33:00','admin','2019-09-10 10:35:25'),(345,'1001',100,'','0,100','人民医院',0,NULL,NULL,NULL,'0','0','1','1','admin','2019-09-12 16:43:07','',NULL),(346,'1001001',345,'','0,100,345','高血压科',0,NULL,NULL,NULL,'0','0','1','1','admin','2019-09-12 16:43:33','',NULL),(347,'1001002',345,'','0,100,345','糖尿病科',0,NULL,NULL,NULL,'0','0','1','1','admin','2019-09-12 16:43:43','',NULL),(348,'1001003',345,'','0,100,345','信息科',0,NULL,NULL,NULL,'0','0','1','1','admin','2019-09-12 16:46:20','',NULL);

/*Data for the table `sys_dict_data` */
INSERT  INTO `sys_dict_data`(`dict_code`,`dict_sort`,`dict_label`,`dict_value`,`dict_type`,`css_class`,`list_class`,`is_default`,`status`,`create_by`,`create_time`,`update_by`,`update_time`,`remark`) VALUES (1,1,'男','0',NULL,'','','Y','0','admin','2018-03-16 11:33:00','admin','2019-08-26 09:48:57','性别男'),(2,2,'女','1',NULL,'','','N','0','admin','2018-03-16 11:33:00','admin','2019-08-26 09:48:57','性别女'),(3,3,'未知','2',NULL,'','','N','0','admin','2018-03-16 11:33:00','admin','2019-08-26 09:48:57','性别未知'),(4,1,'显示','0','sys_show_hide','','primary','Y','0','admin','2018-03-16 11:33:00','admin','2019-08-26 09:48:57','显示菜单'),(5,2,'隐藏','1','sys_show_hide','','danger','N','0','admin','2018-03-16 11:33:00','admin','2019-08-26 09:48:57','隐藏菜单'),(6,1,'正常','0','sys_normal_disable','','primary','Y','0','admin','2018-03-16 11:33:00','admin','2019-08-26 09:48:57','正常状态'),(7,2,'停用','1','sys_normal_disable','','danger','N','0','admin','2018-03-16 11:33:00','admin','2019-08-26 09:48:57','停用状态'),(8,1,'正常','0','sys_job_status','','primary','Y','0','admin','2018-03-16 11:33:00','admin','2019-08-26 09:48:57','正常状态'),(9,2,'暂停','1','sys_job_status','','danger','N','0','admin','2018-03-16 11:33:00','admin','2019-08-26 09:48:57','停用状态'),(10,1,'是','Y','sys_yes_no','','primary','Y','0','admin','2018-03-16 11:33:00','admin','2019-08-26 09:48:57','系统默认是'),(11,2,'否','N','sys_yes_no','','danger','N','0','admin','2018-03-16 11:33:00','admin','2019-08-26 09:48:57','系统默认否'),(12,1,'通知','1','sys_notice_type','','warning','Y','0','admin','2018-03-16 11:33:00','admin','2019-08-26 09:48:57','通知'),(13,2,'公告','2','sys_notice_type','','success','N','0','admin','2018-03-16 11:33:00','admin','2019-08-26 09:48:57','公告'),(14,1,'正常','0','sys_notice_status','','primary','Y','0','admin','2018-03-16 11:33:00','admin','2019-08-26 09:48:57','正常状态'),(15,2,'关闭','1','sys_notice_status','','danger','N','0','admin','2018-03-16 11:33:00','admin','2019-08-26 09:48:57','关闭状态'),(16,1,'新增','1','sys_oper_type','','info','N','0','admin','2018-03-16 11:33:00','admin','2019-08-26 09:48:57','新增操作'),(17,2,'修改','2','sys_oper_type','','info','N','0','admin','2018-03-16 11:33:00','admin','2019-08-26 09:48:57','修改操作'),(18,3,'删除','3','sys_oper_type','','danger','N','0','admin','2018-03-16 11:33:00','admin','2019-08-26 09:48:57','删除操作'),(19,4,'授权','4','sys_oper_type','','primary','N','0','admin','2018-03-16 11:33:00','admin','2019-08-26 09:48:57','授权操作'),(20,5,'导出','5','sys_oper_type','','warning','N','0','admin','2018-03-16 11:33:00','admin','2019-08-26 09:48:57','导出操作'),(21,6,'导入','6','sys_oper_type','','warning','N','0','admin','2018-03-16 11:33:00','admin','2019-08-26 09:48:57','导入操作'),(22,7,'强退','7','sys_oper_type','','danger','N','0','admin','2018-03-16 11:33:00','admin','2019-08-26 09:48:57','强退操作'),(23,8,'生成代码','8','sys_oper_type','','warning','N','0','admin','2018-03-16 11:33:00','admin','2019-08-26 09:48:57','生成操作'),(24,9,'清空数据','9','sys_oper_type','','danger','N','0','admin','2018-03-16 11:33:00','admin','2019-08-26 09:48:57','清空操作'),(25,1,'成功','0','sys_common_status','','primary','N','0','admin','2018-03-16 11:33:00','admin','2019-08-26 09:48:57','正常状态'),(26,2,'失败','1','sys_common_status','','danger','N','0','admin','2018-03-16 11:33:00','admin','2019-08-26 09:48:57','停用状态'),(68,1,'质控液低值','low','cj_okme',NULL,NULL,'Y','0','admin','2019-08-03 12:09:45','admin','2019-08-26 09:48:57',NULL),(69,2,'质控液高值','high','cj_okme',NULL,NULL,'Y','0','admin','2019-08-03 12:10:07','admin','2019-08-26 09:48:57',NULL),(74,1,'低','low','cj_baier',NULL,NULL,'Y','0','admin','2019-08-27 16:47:44','admin','2019-08-27 16:48:46','拜耳质控液'),(75,2,'中','middle','cj_baier',NULL,NULL,'Y','0','admin','2019-08-27 16:48:15','admin','2019-08-27 16:48:44','拜耳质控液'),(76,3,'高','high','cj_baier',NULL,NULL,'Y','0','admin','2019-08-27 16:48:41','admin','2019-08-27 16:48:41','拜耳质控液'),(77,1,'控制液0（倍安）','low','cj_aikang',NULL,NULL,'Y','0','admin','2019-08-27 16:50:21','admin','2019-08-27 16:51:18','aikang质控液'),(78,2,'控制液1','middle','cj_aikang',NULL,NULL,'Y','0','admin','2019-08-27 16:50:40','admin','2019-08-27 16:51:14','aikang质控液'),(79,3,'控制液2','high','cj_aikang',NULL,NULL,'Y','0','admin','2019-08-27 16:51:11','admin','2019-08-27 16:51:11','aikang质控液'),(80,1,'控制液1','low','cj_lekang',NULL,NULL,'Y','0','admin','2019-08-27 16:52:20','admin','2019-08-27 16:53:08','lekang质控液'),(81,2,'控制液2','high','cj_lekang',NULL,NULL,'Y','0','admin','2019-08-27 16:53:05','admin','2019-08-27 16:53:05','lekang质控液');

/*Data for the table `sys_dict_type` */
INSERT  INTO `sys_dict_type`(`dict_id`,`dict_name`,`dict_type`,`status`,`create_by`,`create_time`,`update_by`,`update_time`,`remark`) VALUES (1,'用户性别','sys_user_sex','1','admin','2019-08-26 09:48:57','admin','2019-08-26 09:48:57','用户性别列表'),(2,'菜单状态','sys_show_hide','0','admin','2019-08-26 09:48:57','admin','2019-08-26 09:48:57','菜单状态列表'),(3,'系统开关','sys_normal_disable','0','admin','2019-08-26 09:48:57','admin','2019-08-26 09:48:57','系统开关列表'),(4,'任务状态','sys_job_status','0','admin','2019-08-26 09:48:57','admin','2019-08-26 09:48:57','任务状态列表'),(5,'系统是否','sys_yes_no','0','admin','2019-08-26 09:48:57','admin','2019-08-26 09:48:57','系统是否列表'),(6,'通知类型','sys_notice_type','0','admin','2019-08-26 09:48:57','admin','2019-08-26 09:48:57','通知类型列表'),(7,'通知状态','sys_notice_status','0','admin','2019-08-26 09:48:57','admin','2019-08-26 09:48:57','通知状态列表'),(8,'操作类型','sys_oper_type','0','admin','2019-08-26 09:48:57','admin','2019-08-26 09:48:57','操作类型列表'),(9,'系统状态','sys_common_status','0','admin','2019-08-26 09:48:57','admin','2019-08-26 09:48:57','登录状态列表'),(35,'cj_okme','cj_okme','0','admin','2019-08-26 09:48:57','admin','2019-08-26 09:48:57','okme厂家'),(38,'cj_lekang','cj_lekang','0','admin','2019-08-27 16:46:09','admin','2019-08-27 16:46:09','艾康厂家'),(39,'cj_aikang','cj_aikang','0','admin','2019-08-27 16:46:29','admin','2019-08-27 16:46:29','艾康厂家'),(40,'cj_baier','cj_baier','0','admin','2019-08-27 16:46:59','admin','2019-08-27 16:46:59','拜耳厂家');

/*Data for the table `sys_glucose_crisis` */
INSERT  INTO `sys_glucose_crisis`(`id`,`dept_id`,`high_value`,`high_color`,`low_value`,`low_color`,`normal_color`,`status`,`create_by`,`create_time`,`update_by`,`update_time`) VALUES (1,345,27.8,'orange',2.8,'red','','0','admin','2019-09-12 16:43:07','',NULL),(2,346,27.8,'orange',2.8,'red','','0','admin','2019-09-12 16:43:34','',NULL),(3,347,27.8,'orange',2.8,'red','','0','admin','2019-09-12 16:43:44','',NULL),(4,348,27.8,'orange',2.8,'red','','0','admin','2019-09-12 16:46:21','',NULL);

/*Data for the table `sys_glucose_period` */
INSERT  INTO `sys_glucose_period`(`id`,`dept_id`,`measure_period`,`display_name`,`start_time`,`end_time`,`max_value`,`min_value`,`status`,`create_by`,`create_time`,`update_by`,`update_time`,`high_Color`,`low_Color`) VALUES (1,345,'LC','凌晨','00:00','02:00',7,4.4,'0','admin','2019-09-12 16:43:07',NULL,NULL,'orange','red'),(2,345,'LC3','凌晨','02:00','04:00',7,4.4,'0','admin','2019-09-12 16:43:07',NULL,NULL,'orange','red'),(3,345,'KF','空腹','04:00','07:00',7,4.4,'0','admin','2019-09-12 16:43:07',NULL,NULL,'orange','red'),(4,345,'ZCH','早餐后','07:00','10:00',10,4.4,'0','admin','2019-09-12 16:43:07',NULL,NULL,'orange','red'),(5,345,'WUCQ','午餐前','10:00','12:00',7,4.4,'0','admin','2019-09-12 16:43:07',NULL,NULL,'orange','red'),(6,345,'WUCH','午餐后','12:00','14:00',10,4.4,'0','admin','2019-09-12 16:43:07',NULL,NULL,'orange','red'),(7,345,'WACQ','晚餐前','14:00','17:00',7,4.4,'0','admin','2019-09-12 16:43:07',NULL,NULL,'orange','red'),(8,345,'WACH','晚餐后','17:00','20:00',10,4.4,'0','admin','2019-09-12 16:43:07',NULL,NULL,'orange','red'),(9,345,'SQ','睡前','20:00','23:59',7,4.4,'0','admin','2019-09-12 16:43:07',NULL,NULL,'orange','red'),(10,345,'SJ','随机','00:00','23:59',7,4.4,'0','admin','2019-09-12 16:43:07',NULL,NULL,'orange','red'),(11,345,'WU','无','00:00','23:59',7,4.4,'0','admin','2019-09-12 16:43:07',NULL,NULL,'orange','red'),(12,346,'LC','凌晨','00:00','02:00',7,4.4,'0','admin','2019-09-12 16:43:34',NULL,NULL,'orange','red'),(13,346,'LC3','凌晨','02:00','04:00',7,4.4,'0','admin','2019-09-12 16:43:34',NULL,NULL,'orange','red'),(14,346,'KF','空腹','04:00','07:00',7,4.4,'0','admin','2019-09-12 16:43:34',NULL,NULL,'orange','red'),(15,346,'ZCH','早餐后','07:00','10:00',10,4.4,'0','admin','2019-09-12 16:43:34',NULL,NULL,'orange','red'),(16,346,'WUCQ','午餐前','10:00','12:00',7,4.4,'0','admin','2019-09-12 16:43:34',NULL,NULL,'orange','red'),(17,346,'WUCH','午餐后','12:00','14:00',10,4.4,'0','admin','2019-09-12 16:43:34',NULL,NULL,'orange','red'),(18,346,'WACQ','晚餐前','14:00','17:00',7,4.4,'0','admin','2019-09-12 16:43:34',NULL,NULL,'orange','red'),(19,346,'WACH','晚餐后','17:00','20:00',10,4.4,'0','admin','2019-09-12 16:43:34',NULL,NULL,'orange','red'),(20,346,'SQ','睡前','20:00','23:59',7,4.4,'0','admin','2019-09-12 16:43:34',NULL,NULL,'orange','red'),(21,346,'SJ','随机','00:00','23:59',7,4.4,'0','admin','2019-09-12 16:43:34',NULL,NULL,'orange','red'),(22,346,'WU','无','00:00','23:59',7,4.4,'0','admin','2019-09-12 16:43:34',NULL,NULL,'orange','red'),(23,347,'LC','凌晨','00:00','02:00',7,4.4,'0','admin','2019-09-12 16:43:43',NULL,NULL,'orange','red'),(24,347,'LC3','凌晨','02:00','04:00',7,4.4,'0','admin','2019-09-12 16:43:43',NULL,NULL,'orange','red'),(25,347,'KF','空腹','04:00','07:00',7,4.4,'0','admin','2019-09-12 16:43:43',NULL,NULL,'orange','red'),(26,347,'ZCH','早餐后','07:00','10:00',10,4.4,'0','admin','2019-09-12 16:43:43',NULL,NULL,'orange','red'),(27,347,'WUCQ','午餐前','10:00','12:00',7,4.4,'0','admin','2019-09-12 16:43:43',NULL,NULL,'orange','red'),(28,347,'WUCH','午餐后','12:00','14:00',10,4.4,'0','admin','2019-09-12 16:43:43',NULL,NULL,'orange','red'),(29,347,'WACQ','晚餐前','14:00','17:00',7,4.4,'0','admin','2019-09-12 16:43:43',NULL,NULL,'orange','red'),(30,347,'WACH','晚餐后','17:00','20:00',10,4.4,'0','admin','2019-09-12 16:43:43',NULL,NULL,'orange','red'),(31,347,'SQ','睡前','20:00','23:59',7,4.4,'0','admin','2019-09-12 16:43:43',NULL,NULL,'orange','red'),(32,347,'SJ','随机','00:00','23:59',7,4.4,'0','admin','2019-09-12 16:43:43',NULL,NULL,'orange','red'),(33,347,'WU','无','00:00','23:59',7,4.4,'0','admin','2019-09-12 16:43:43',NULL,NULL,'orange','red'),(34,348,'LC','凌晨','00:00','02:00',7,4.4,'0','admin','2019-09-12 16:46:21',NULL,NULL,'orange','red'),(35,348,'LC3','凌晨','02:00','04:00',7,4.4,'0','admin','2019-09-12 16:46:21',NULL,NULL,'orange','red'),(36,348,'KF','空腹','04:00','07:00',7,4.4,'0','admin','2019-09-12 16:46:21',NULL,NULL,'orange','red'),(37,348,'ZCH','早餐后','07:00','10:00',10,4.4,'0','admin','2019-09-12 16:46:21',NULL,NULL,'orange','red'),(38,348,'WUCQ','午餐前','10:00','12:00',7,4.4,'0','admin','2019-09-12 16:46:21',NULL,NULL,'orange','red'),(39,348,'WUCH','午餐后','12:00','14:00',10,4.4,'0','admin','2019-09-12 16:46:21',NULL,NULL,'orange','red'),(40,348,'WACQ','晚餐前','14:00','17:00',7,4.4,'0','admin','2019-09-12 16:46:21',NULL,NULL,'orange','red'),(41,348,'WACH','晚餐后','17:00','20:00',10,4.4,'0','admin','2019-09-12 16:46:21',NULL,NULL,'orange','red'),(42,348,'SQ','睡前','20:00','23:59',7,4.4,'0','admin','2019-09-12 16:46:21',NULL,NULL,'orange','red'),(43,348,'SJ','随机','00:00','23:59',7,4.4,'0','admin','2019-09-12 16:46:21',NULL,NULL,'orange','red'),(44,348,'WU','无','00:00','23:59',7,4.4,'0','admin','2019-09-12 16:46:21',NULL,NULL,'orange','red');

/*Data for the table `sys_menu` */
INSERT  INTO `sys_menu`(`menu_id`,`menu_name`,`parent_id`,`order_num`,`url`,`target`,`menu_type`,`visible`,`perms`,`icon`,`create_by`,`create_time`,`update_by`,`update_time`,`remark`) VALUES (1157,'用户管理',0,1,'#','','M','0',NULL,'anticon-user','合思超级管理员','2019-07-07 13:49:04','admin','2019-09-07 12:41:31',''),(1161,'所有用户',1157,0,'/user/list','','C','0',NULL,'#','合思超级管理员','2019-07-07 13:50:11','admin','2019-08-30 13:57:44',''),(1173,'机构管理',0,5,'#','','M','0',NULL,'anticon-profile','合思超级管理员','2019-07-07 14:05:34','admin','2019-09-10 21:20:19',''),(1174,'机构及部门',1173,0,'/hospital/hospital-set','','C','0',NULL,'#','合思超级管理员','2019-07-07 14:06:06','admin','2019-09-10 21:20:31',''),(1175,'员工管理',1173,1,'/hospital/staff-set','','C','0',NULL,'#','合思超级管理员','2019-07-07 14:06:47','admin','2019-08-30 14:00:11',''),(1176,'系统配置',0,6,'#','','M','0',NULL,'anticon-setting','合思超级管理员','2019-07-07 14:07:18','admin','2019-09-07 12:41:54',''),(1177,'参数配置',1176,0,'/hospital/blood-set','','C','0',NULL,'#','合思超级管理员','2019-07-07 14:07:50','合思超级管理员','2019-07-07 15:13:19',''),(1179,'菜单管理',1176,10,'/menu/menu-set','','C','0',NULL,'#','合思超级管理员','2019-07-07 14:09:03','admin','2019-07-23 20:10:07',''),(1180,'角色管理',1176,6,'/role/role-set','','C','0',NULL,'#','合思超级管理员','2019-07-07 14:10:37','admin','2019-08-15 11:15:29',''),(1183,'字典类型',1176,3,'/dic/dic-type','','C','0',NULL,'#','合思超级管理员','2019-07-08 16:17:16','admin','2019-08-15 11:14:55',''),(1184,'字典',1176,4,'/dic/dic-item','','C','0',NULL,'#','合思超级管理员','2019-07-08 16:17:42','admin','2019-08-15 11:15:02',''),(1186,'操作日志',1176,7,'/operlog/list','','C','0',NULL,'#','admin','2019-07-22 15:58:48','admin','2019-08-15 11:15:39',''),(1188,'高血压CDSS',1157,1,'/blood-pressure-cdss/list','','C','0',NULL,'#','admin','2019-09-03 17:07:58','',NULL,''),(1189,'糖尿病CDSS',1157,2,'/blood-cdss/list','','C','0',NULL,'#','admin','2019-09-03 17:08:54','',NULL,'');

/*Data for the table `sys_pressure_period` */
INSERT  INTO `sys_pressure_period`(`id`,`dept_id`,`measure_period`,`display_name`,`start_time`,`end_time`,`status`,`create_by`,`create_time`,`update_by`,`update_time`) VALUES (1,345,'SW','上午','00:00','10:00','0','admin','2019-09-12 16:43:07',NULL,NULL),(2,345,'ZW','中午','10:00','15:00','0','admin','2019-09-12 16:43:07',NULL,NULL),(3,345,'XW','下午','15:00','23:59','0','admin','2019-09-12 16:43:07',NULL,NULL),(4,346,'SW','上午','00:00','10:00','0','admin','2019-09-12 16:43:34',NULL,NULL),(5,346,'ZW','中午','10:00','15:00','0','admin','2019-09-12 16:43:34',NULL,NULL),(6,346,'XW','下午','15:00','23:59','0','admin','2019-09-12 16:43:34',NULL,NULL),(7,347,'SW','上午','00:00','10:00','0','admin','2019-09-12 16:43:43',NULL,NULL),(8,347,'ZW','中午','10:00','15:00','0','admin','2019-09-12 16:43:43',NULL,NULL),(9,347,'XW','下午','15:00','23:59','0','admin','2019-09-12 16:43:43',NULL,NULL),(10,348,'SW','上午','00:00','10:00','0','admin','2019-09-12 16:46:21',NULL,NULL),(11,348,'ZW','中午','10:00','15:00','0','admin','2019-09-12 16:46:21',NULL,NULL),(12,348,'XW','下午','15:00','23:59','0','admin','2019-09-12 16:46:21',NULL,NULL);

/*Data for the table `sys_role` */
INSERT  INTO `sys_role`(`role_id`,`role_name`,`role_key`,`role_sort`,`data_scope`,`status`,`del_flag`,`create_by`,`create_time`,`update_by`,`update_time`,`remark`) VALUES (1,'院外超级管理员','admin',1,'1','0','0','admin','2018-03-16 11:33:00','ry','2018-03-16 11:33:00','管理员'),(156,'管理员',NULL,1,'5','0','0','admin','2019-09-12 16:44:26','admin','2019-09-12 16:45:19',NULL),(157,'医生',NULL,0,'4','0','0','admin','2019-09-12 16:44:48','admin','2019-09-12 16:45:22',NULL);

/*Data for the table `sys_role_menu` */
INSERT  INTO `sys_role_menu`(`role_id`,`menu_id`) VALUES (1,0),(1,1157),(1,1161),(1,1162),(1,1163),(1,1168),(1,1169),(1,1170),(1,1171),(1,1172),(1,1173),(1,1174),(1,1175),(1,1176),(1,1177),(1,1178),(1,1179),(1,1180),(1,1182),(1,1183),(1,1184),(1,1186),(1,1187),(156,1157),(156,1161),(156,1173),(156,1174),(156,1175),(156,1188),(156,1189),(157,1157),(157,1161),(157,1188),(157,1189);

/*Data for the table `sys_user` */
INSERT  INTO `sys_user`(`user_id`,`dept_id`,`login_name`,`user_name`,`user_type`,`email`,`phonenumber`,`sex`,`avatar`,`password`,`salt`,`status`,`del_flag`,`login_ip`,`login_date`,`create_by`,`create_time`,`update_by`,`update_time`,`remark`) VALUES (1,100,'admin','超级管理员','00','','','0','2019/08/02/81e3221b10c60f6e9573b38d8b48626a.png','d7ec133b3e882b9d58ccd66dc8438d81','2f3c7d','0','0','127.0.0.1','2019-08-19 21:22:25','admin','2018-03-16 11:33:00','hs','2019-09-12 16:55:15','管理员'),(158,348,'00000000','管理员','00','','','2','','8d738642172c08489f7501ae82b679a8','aac18d','0','0','',NULL,'admin','2019-09-12 16:47:34','',NULL,''),(159,346,'00001','王医生','00','','','2','','cc5458c5dd8a12b63ea1f2bd21c326fe','6dec8e','0','0','',NULL,'admin','2019-09-12 16:47:58','',NULL,''),(160,347,'00002','徐医生','00','','','2','','9250c7c0925e0bd98c02016a614a6519','b6fda9','0','0','',NULL,'admin','2019-09-12 16:48:21','',NULL,'');

/*Data for the table `sys_user_role` */
INSERT  INTO `sys_user_role`(`user_id`,`role_id`) VALUES (1,1),(158,156),(158,157),(159,157),(160,157);

INSERT INTO `sys_job` VALUES ('1', 'HesiCloudTask', '停掉过期预约', 'stopExpiredAppointment', null, '0 0 0 * * ?', '3', '1', '0', 'admin', '2019-10-28 11:33:00', 'admin', '2019-10-28 15:42:45', null);
INSERT INTO `sys_dict_type` VALUES ('41', 'cj_leyijie', 'cj_leyijie', '0', 'admin', '2019-08-27 16:46:59', 'admin', '2019-08-27 16:46:59', '乐易捷厂家');
INSERT INTO `sys_dict_data` VALUES ('82', '1', '低', 'low', 'cj_leyijie', null, null, 'Y', '0', 'admin', '2019-08-27 16:47:44', 'admin', '2019-08-27 16:48:46', '乐易捷质控液');
INSERT INTO `sys_dict_data` VALUES ('83', '2', '中', 'middle', 'cj_leyijie', null, null, 'Y', '0', 'admin', '2019-08-27 16:48:15', 'admin', '2019-08-27 16:48:44', '乐易捷质控液');
INSERT INTO `sys_dict_data` VALUES ('84', '3', '高', 'high', 'cj_leyijie', null, null, 'Y', '0', 'admin', '2019-08-27 16:48:41', 'admin', '2019-08-27 16:48:41', '乐易捷质控液');